Leader 0,Grid x = 41,Grid y = 28
Leader 1,Grid x = 39,Grid y = 21
Leader 2,Grid x = 31,Grid y = 10
Leader 3,Grid x = 34,Grid y = 41
Leader 4,Grid x = 2,Grid y = 10
Leader 5,Grid x = 34,Grid y = 8
Leader 6,Grid x = 33,Grid y = 13
Leader 7,Grid x = 40,Grid y = 3
Leader 8,Grid x = 8,Grid y = 42
Leader 9,Grid x = 47,Grid y = 13
Leader 10,Grid x = 31,Grid y = 30
Leader 11,Grid x = 48,Grid y = 28
Leader 12,Grid x = 2,Grid y = 30
Leader 13,Grid x = 29,Grid y = 43
Leader 14,Grid x = 21,Grid y = 43
Leader 15,Grid x = 0,Grid y = 48
Leader 16,Grid x = 28,Grid y = 48
Leader 17,Grid x = 27,Grid y = 29
Leader 18,Grid x = 15,Grid y = 48
Leader 19,Grid x = 17,Grid y = 16
Leader 20,Grid x = 37,Grid y = 11
Leader 21,Grid x = 48,Grid y = 48
Leader 22,Grid x = 4,Grid y = 22
Leader 23,Grid x = 12,Grid y = 16
Leader 24,Grid x = 5,Grid y = 14
Leader 25,Grid x = 37,Grid y = 2
Leader 26,Grid x = 12,Grid y = 44
Leader 27,Grid x = 13,Grid y = 2
Leader 28,Grid x = 48,Grid y = 33
Leader 29,Grid x = 38,Grid y = 11
Leader 30,Grid x = 48,Grid y = 18
Leader 31,Grid x = 24,Grid y = 33
Leader 32,Grid x = 31,Grid y = 0
Leader 33,Grid x = 29,Grid y = 46
Leader 34,Grid x = 2,Grid y = 47
Leader 35,Grid x = 37,Grid y = 26
Leader 36,Grid x = 15,Grid y = 8
Leader 37,Grid x = 40,Grid y = 1
Leader 38,Grid x = 40,Grid y = 10
Leader 39,Grid x = 28,Grid y = 6
Leader 40,Grid x = 46,Grid y = 40
Leader 41,Grid x = 4,Grid y = 32
Leader 42,Grid x = 49,Grid y = 26
Leader 43,Grid x = 43,Grid y = 47
Leader 44,Grid x = 17,Grid y = 8
Leader 45,Grid x = 37,Grid y = 5
Leader 46,Grid x = 15,Grid y = 2
Leader 47,Grid x = 47,Grid y = 16
Leader 48,Grid x = 48,Grid y = 38
Leader 49,Grid x = 5,Grid y = 39
Leader 50,Grid x = 25,Grid y = 35
Leader 51,Grid x = 13,Grid y = 48
Leader 52,Grid x = 20,Grid y = 19
Leader 53,Grid x = 9,Grid y = 6
Leader 54,Grid x = 46,Grid y = 49
Leader 55,Grid x = 36,Grid y = 36
Leader 56,Grid x = 22,Grid y = 45
Leader 57,Grid x = 37,Grid y = 22
Leader 58,Grid x = 25,Grid y = 38
Leader 59,Grid x = 15,Grid y = 28
Leader 60,Grid x = 12,Grid y = 37
Leader 61,Grid x = 5,Grid y = 43
Leader 62,Grid x = 6,Grid y = 17
Leader 63,Grid x = 2,Grid y = 36
Leader 64,Grid x = 30,Grid y = 18
Leader 65,Grid x = 11,Grid y = 30
Leader 66,Grid x = 42,Grid y = 27
Leader 67,Grid x = 42,Grid y = 21
Leader 68,Grid x = 41,Grid y = 32
Leader 69,Grid x = 18,Grid y = 34
Leader 70,Grid x = 46,Grid y = 5
Leader 71,Grid x = 45,Grid y = 26
Leader 72,Grid x = 38,Grid y = 40
Leader 73,Grid x = 1,Grid y = 30
Leader 74,Grid x = 8,Grid y = 49
Leader 75,Grid x = 23,Grid y = 27
Leader 76,Grid x = 8,Grid y = 25
Leader 77,Grid x = 37,Grid y = 37
Leader 78,Grid x = 48,Grid y = 46
Leader 79,Grid x = 49,Grid y = 10
Leader 80,Grid x = 19,Grid y = 26
Leader 81,Grid x = 22,Grid y = 28
Leader 82,Grid x = 22,Grid y = 26
Leader 83,Grid x = 42,Grid y = 47
Leader 84,Grid x = 42,Grid y = 2
Leader 85,Grid x = 35,Grid y = 9
Leader 86,Grid x = 19,Grid y = 24
Leader 87,Grid x = 6,Grid y = 48
Leader 88,Grid x = 4,Grid y = 14
Leader 89,Grid x = 20,Grid y = 12
Leader 90,Grid x = 44,Grid y = 20
Leader 91,Grid x = 47,Grid y = 35
Leader 92,Grid x = 20,Grid y = 37
Leader 93,Grid x = 17,Grid y = 23
Leader 94,Grid x = 36,Grid y = 28
Leader 95,Grid x = 10,Grid y = 0
Leader 96,Grid x = 39,Grid y = 9
Leader 97,Grid x = 29,Grid y = 12
Leader 98,Grid x = 34,Grid y = 26
Leader 99,Grid x = 45,Grid y = 30
Member 100,Grid x = 12,Grid y = 15
Member 101,Grid x = 29,Grid y = 37
Member 102,Grid x = 48,Grid y = 23
Member 103,Grid x = 22,Grid y = 3
Member 104,Grid x = 49,Grid y = 45
Member 105,Grid x = 36,Grid y = 8
Member 106,Grid x = 43,Grid y = 41
Member 107,Grid x = 27,Grid y = 9
Member 108,Grid x = 28,Grid y = 8
Member 109,Grid x = 29,Grid y = 14
Member 110,Grid x = 47,Grid y = 21
Member 111,Grid x = 2,Grid y = 35
Member 112,Grid x = 25,Grid y = 41
Member 113,Grid x = 18,Grid y = 0
Member 114,Grid x = 3,Grid y = 20
Member 115,Grid x = 43,Grid y = 28
Member 116,Grid x = 43,Grid y = 11
Member 117,Grid x = 18,Grid y = 15
Member 118,Grid x = 36,Grid y = 20
Member 119,Grid x = 41,Grid y = 16
Member 120,Grid x = 48,Grid y = 27
Member 121,Grid x = 20,Grid y = 34
Member 122,Grid x = 31,Grid y = 37
Member 123,Grid x = 19,Grid y = 14
Member 124,Grid x = 0,Grid y = 2
Member 125,Grid x = 0,Grid y = 13
Member 126,Grid x = 32,Grid y = 48
Member 127,Grid x = 24,Grid y = 29
Member 128,Grid x = 4,Grid y = 30
Member 129,Grid x = 10,Grid y = 11
Member 130,Grid x = 46,Grid y = 13
Member 131,Grid x = 7,Grid y = 13
Member 132,Grid x = 1,Grid y = 47
Member 133,Grid x = 41,Grid y = 21
Member 134,Grid x = 21,Grid y = 23
Member 135,Grid x = 27,Grid y = 14
Member 136,Grid x = 40,Grid y = 19
Member 137,Grid x = 17,Grid y = 49
Member 138,Grid x = 9,Grid y = 17
Member 139,Grid x = 36,Grid y = 3
Member 140,Grid x = 21,Grid y = 47
Member 141,Grid x = 49,Grid y = 23
Member 142,Grid x = 40,Grid y = 21
Member 143,Grid x = 36,Grid y = 23
Member 144,Grid x = 12,Grid y = 38
Member 145,Grid x = 12,Grid y = 2
Member 146,Grid x = 33,Grid y = 25
Member 147,Grid x = 30,Grid y = 28
Member 148,Grid x = 4,Grid y = 47
Member 149,Grid x = 36,Grid y = 11
Member 150,Grid x = 29,Grid y = 3
Member 151,Grid x = 30,Grid y = 3
Member 152,Grid x = 1,Grid y = 7
Member 153,Grid x = 16,Grid y = 31
Member 154,Grid x = 39,Grid y = 38
Member 155,Grid x = 49,Grid y = 30
Member 156,Grid x = 31,Grid y = 26
Member 157,Grid x = 40,Grid y = 27
Member 158,Grid x = 42,Grid y = 36
Member 159,Grid x = 43,Grid y = 9
Member 160,Grid x = 10,Grid y = 42
Member 161,Grid x = 44,Grid y = 44
Member 162,Grid x = 10,Grid y = 16
Member 163,Grid x = 13,Grid y = 28
Member 164,Grid x = 21,Grid y = 37
Member 165,Grid x = 16,Grid y = 8
Member 166,Grid x = 47,Grid y = 7
Member 167,Grid x = 33,Grid y = 34
Member 168,Grid x = 42,Grid y = 22
Member 169,Grid x = 45,Grid y = 3
Member 170,Grid x = 38,Grid y = 12
Member 171,Grid x = 15,Grid y = 25
Member 172,Grid x = 34,Grid y = 29
Member 173,Grid x = 41,Grid y = 4
Member 174,Grid x = 38,Grid y = 14
Member 175,Grid x = 30,Grid y = 45
Member 176,Grid x = 18,Grid y = 45
Member 177,Grid x = 20,Grid y = 47
Member 178,Grid x = 1,Grid y = 9
Member 179,Grid x = 10,Grid y = 1
Member 180,Grid x = 49,Grid y = 48
Member 181,Grid x = 35,Grid y = 1
Member 182,Grid x = 23,Grid y = 16
Member 183,Grid x = 36,Grid y = 39
Member 184,Grid x = 17,Grid y = 13
Member 185,Grid x = 33,Grid y = 5
Member 186,Grid x = 35,Grid y = 15
Member 187,Grid x = 47,Grid y = 38
Member 188,Grid x = 28,Grid y = 24
Member 189,Grid x = 49,Grid y = 39
Member 190,Grid x = 25,Grid y = 34
Member 191,Grid x = 26,Grid y = 37
Member 192,Grid x = 32,Grid y = 26
Member 193,Grid x = 46,Grid y = 46
Member 194,Grid x = 26,Grid y = 17
Member 195,Grid x = 48,Grid y = 39
Member 196,Grid x = 9,Grid y = 41
Member 197,Grid x = 26,Grid y = 3
Member 198,Grid x = 1,Grid y = 39
Member 199,Grid x = 22,Grid y = 49
Member 200,Grid x = 49,Grid y = 13
Member 201,Grid x = 16,Grid y = 2
Member 202,Grid x = 1,Grid y = 2
Member 203,Grid x = 12,Grid y = 33
Member 204,Grid x = 48,Grid y = 40
Member 205,Grid x = 11,Grid y = 29
Member 206,Grid x = 29,Grid y = 29
Member 207,Grid x = 16,Grid y = 27
Member 208,Grid x = 39,Grid y = 18
Member 209,Grid x = 30,Grid y = 44
Member 210,Grid x = 44,Grid y = 33
Member 211,Grid x = 41,Grid y = 37
Member 212,Grid x = 32,Grid y = 33
Member 213,Grid x = 34,Grid y = 39
Member 214,Grid x = 19,Grid y = 48
Member 215,Grid x = 5,Grid y = 1
Member 216,Grid x = 29,Grid y = 4
Member 217,Grid x = 46,Grid y = 23
Member 218,Grid x = 31,Grid y = 43
Member 219,Grid x = 44,Grid y = 2
Member 220,Grid x = 13,Grid y = 26
Member 221,Grid x = 33,Grid y = 21
Member 222,Grid x = 25,Grid y = 19
Member 223,Grid x = 38,Grid y = 48
Member 224,Grid x = 41,Grid y = 7
Member 225,Grid x = 38,Grid y = 25
Member 226,Grid x = 29,Grid y = 41
Member 227,Grid x = 15,Grid y = 4
Member 228,Grid x = 16,Grid y = 38
Member 229,Grid x = 22,Grid y = 1
Member 230,Grid x = 31,Grid y = 36
Member 231,Grid x = 35,Grid y = 14
Member 232,Grid x = 14,Grid y = 45
Member 233,Grid x = 5,Grid y = 16
Member 234,Grid x = 23,Grid y = 33
Member 235,Grid x = 45,Grid y = 42
Member 236,Grid x = 29,Grid y = 47
Member 237,Grid x = 40,Grid y = 45
Member 238,Grid x = 2,Grid y = 5
Member 239,Grid x = 43,Grid y = 39
Member 240,Grid x = 8,Grid y = 43
Member 241,Grid x = 42,Grid y = 0
Member 242,Grid x = 19,Grid y = 28
Member 243,Grid x = 19,Grid y = 30
Member 244,Grid x = 8,Grid y = 18
Member 245,Grid x = 2,Grid y = 49
Member 246,Grid x = 44,Grid y = 35
Member 247,Grid x = 7,Grid y = 27
Member 248,Grid x = 29,Grid y = 21
Member 249,Grid x = 17,Grid y = 3
Member 250,Grid x = 46,Grid y = 14
Member 251,Grid x = 14,Grid y = 35
Member 252,Grid x = 0,Grid y = 10
Member 253,Grid x = 0,Grid y = 9
Member 254,Grid x = 22,Grid y = 6
Member 255,Grid x = 39,Grid y = 33
Member 256,Grid x = 4,Grid y = 34
Member 257,Grid x = 26,Grid y = 18
Member 258,Grid x = 9,Grid y = 3
Member 259,Grid x = 47,Grid y = 37
Member 260,Grid x = 34,Grid y = 2
Member 261,Grid x = 8,Grid y = 41
Member 262,Grid x = 14,Grid y = 8
Member 263,Grid x = 34,Grid y = 22
Member 264,Grid x = 33,Grid y = 39
Member 265,Grid x = 26,Grid y = 43
Member 266,Grid x = 3,Grid y = 5
Member 267,Grid x = 43,Grid y = 18
Member 268,Grid x = 28,Grid y = 2
Member 269,Grid x = 3,Grid y = 29
Member 270,Grid x = 43,Grid y = 27
Member 271,Grid x = 9,Grid y = 30
Member 272,Grid x = 3,Grid y = 38
Member 273,Grid x = 30,Grid y = 38
Member 274,Grid x = 6,Grid y = 23
Member 275,Grid x = 21,Grid y = 16
Member 276,Grid x = 2,Grid y = 9
Member 277,Grid x = 15,Grid y = 31
Member 278,Grid x = 27,Grid y = 45
Member 279,Grid x = 11,Grid y = 41
Member 280,Grid x = 16,Grid y = 11
Member 281,Grid x = 49,Grid y = 41
Member 282,Grid x = 7,Grid y = 37
Member 283,Grid x = 35,Grid y = 12
Member 284,Grid x = 21,Grid y = 7
Member 285,Grid x = 26,Grid y = 42
Member 286,Grid x = 49,Grid y = 24
Member 287,Grid x = 47,Grid y = 23
Member 288,Grid x = 3,Grid y = 11
Member 289,Grid x = 16,Grid y = 30
Member 290,Grid x = 24,Grid y = 35
Member 291,Grid x = 43,Grid y = 35
Member 292,Grid x = 46,Grid y = 8
Member 293,Grid x = 9,Grid y = 45
Member 294,Grid x = 24,Grid y = 8
Member 295,Grid x = 28,Grid y = 27
Member 296,Grid x = 36,Grid y = 29
Member 297,Grid x = 22,Grid y = 24
Member 298,Grid x = 9,Grid y = 35
Member 299,Grid x = 21,Grid y = 49
Member 300,Grid x = 18,Grid y = 39
Member 301,Grid x = 49,Grid y = 29
Member 302,Grid x = 8,Grid y = 3
Member 303,Grid x = 27,Grid y = 37
Member 304,Grid x = 48,Grid y = 41
Member 305,Grid x = 30,Grid y = 31
Member 306,Grid x = 11,Grid y = 14
Member 307,Grid x = 3,Grid y = 33
Member 308,Grid x = 20,Grid y = 41
Member 309,Grid x = 9,Grid y = 11
Member 310,Grid x = 49,Grid y = 32
Member 311,Grid x = 7,Grid y = 3
Member 312,Grid x = 46,Grid y = 27
Member 313,Grid x = 27,Grid y = 21
Member 314,Grid x = 36,Grid y = 37
Member 315,Grid x = 39,Grid y = 8
Member 316,Grid x = 1,Grid y = 46
Member 317,Grid x = 27,Grid y = 18
Member 318,Grid x = 36,Grid y = 0
Member 319,Grid x = 21,Grid y = 48
Member 320,Grid x = 1,Grid y = 8
Member 321,Grid x = 9,Grid y = 31
Member 322,Grid x = 33,Grid y = 9
Member 323,Grid x = 36,Grid y = 44
Member 324,Grid x = 20,Grid y = 10
Member 325,Grid x = 27,Grid y = 28
Member 326,Grid x = 36,Grid y = 47
Member 327,Grid x = 13,Grid y = 41
Member 328,Grid x = 26,Grid y = 23
Member 329,Grid x = 7,Grid y = 29
Member 330,Grid x = 1,Grid y = 27
Member 331,Grid x = 22,Grid y = 14
Member 332,Grid x = 42,Grid y = 29
Member 333,Grid x = 40,Grid y = 48
Member 334,Grid x = 24,Grid y = 43
Member 335,Grid x = 23,Grid y = 25
Member 336,Grid x = 22,Grid y = 0
Member 337,Grid x = 1,Grid y = 41
Member 338,Grid x = 23,Grid y = 11
Member 339,Grid x = 5,Grid y = 32
Member 340,Grid x = 9,Grid y = 27
Member 341,Grid x = 24,Grid y = 26
Member 342,Grid x = 10,Grid y = 2
Member 343,Grid x = 4,Grid y = 49
Member 344,Grid x = 14,Grid y = 2
Member 345,Grid x = 31,Grid y = 34
Member 346,Grid x = 2,Grid y = 7
Member 347,Grid x = 41,Grid y = 25
Member 348,Grid x = 31,Grid y = 41
Member 349,Grid x = 21,Grid y = 17
Member 350,Grid x = 42,Grid y = 44
Member 351,Grid x = 44,Grid y = 28
Member 352,Grid x = 33,Grid y = 49
Member 353,Grid x = 44,Grid y = 0
Member 354,Grid x = 24,Grid y = 49
Member 355,Grid x = 25,Grid y = 25
Member 356,Grid x = 19,Grid y = 41
Member 357,Grid x = 12,Grid y = 8
Member 358,Grid x = 12,Grid y = 39
Member 359,Grid x = 17,Grid y = 15
Member 360,Grid x = 7,Grid y = 4
Member 361,Grid x = 27,Grid y = 20
Member 362,Grid x = 38,Grid y = 23
Member 363,Grid x = 7,Grid y = 6
Member 364,Grid x = 41,Grid y = 11
Member 365,Grid x = 30,Grid y = 33
Member 366,Grid x = 46,Grid y = 22
Member 367,Grid x = 35,Grid y = 49
Member 368,Grid x = 2,Grid y = 45
Member 369,Grid x = 6,Grid y = 26
Member 370,Grid x = 36,Grid y = 33
Member 371,Grid x = 2,Grid y = 38
Member 372,Grid x = 8,Grid y = 0
Member 373,Grid x = 41,Grid y = 43
Member 374,Grid x = 7,Grid y = 18
Member 375,Grid x = 9,Grid y = 49
Member 376,Grid x = 23,Grid y = 49
Member 377,Grid x = 12,Grid y = 17
Member 378,Grid x = 19,Grid y = 15
Member 379,Grid x = 28,Grid y = 49
Member 380,Grid x = 26,Grid y = 27
Member 381,Grid x = 17,Grid y = 9
Member 382,Grid x = 30,Grid y = 13
Member 383,Grid x = 36,Grid y = 41
Member 384,Grid x = 28,Grid y = 29
Member 385,Grid x = 17,Grid y = 34
Member 386,Grid x = 4,Grid y = 38
Member 387,Grid x = 20,Grid y = 7
Member 388,Grid x = 34,Grid y = 25
Member 389,Grid x = 37,Grid y = 24
Member 390,Grid x = 23,Grid y = 2
Member 391,Grid x = 32,Grid y = 34
Member 392,Grid x = 31,Grid y = 31
Member 393,Grid x = 4,Grid y = 36
Member 394,Grid x = 17,Grid y = 14
Member 395,Grid x = 15,Grid y = 33
Member 396,Grid x = 30,Grid y = 4
Member 397,Grid x = 7,Grid y = 32
Member 398,Grid x = 23,Grid y = 43
Member 399,Grid x = 22,Grid y = 46
Member 400,Grid x = 9,Grid y = 7
Member 401,Grid x = 43,Grid y = 5
Member 402,Grid x = 15,Grid y = 5
Member 403,Grid x = 35,Grid y = 48
Member 404,Grid x = 35,Grid y = 29
Member 405,Grid x = 40,Grid y = 22
Member 406,Grid x = 15,Grid y = 22
Member 407,Grid x = 28,Grid y = 14
Member 408,Grid x = 30,Grid y = 17
Member 409,Grid x = 26,Grid y = 38
Member 410,Grid x = 14,Grid y = 19
Member 411,Grid x = 7,Grid y = 15
Member 412,Grid x = 22,Grid y = 7
Member 413,Grid x = 44,Grid y = 26
Member 414,Grid x = 48,Grid y = 0
Member 415,Grid x = 18,Grid y = 37
Member 416,Grid x = 32,Grid y = 13
Member 417,Grid x = 43,Grid y = 17
Member 418,Grid x = 31,Grid y = 17
Member 419,Grid x = 8,Grid y = 6
Member 420,Grid x = 16,Grid y = 29
Member 421,Grid x = 41,Grid y = 49
Member 422,Grid x = 21,Grid y = 44
Member 423,Grid x = 38,Grid y = 38
Member 424,Grid x = 26,Grid y = 32
Member 425,Grid x = 0,Grid y = 44
Member 426,Grid x = 42,Grid y = 38
Member 427,Grid x = 27,Grid y = 10
Member 428,Grid x = 7,Grid y = 39
Member 429,Grid x = 23,Grid y = 47
Member 430,Grid x = 39,Grid y = 37
Member 431,Grid x = 3,Grid y = 0
Member 432,Grid x = 17,Grid y = 31
Member 433,Grid x = 33,Grid y = 37
Member 434,Grid x = 27,Grid y = 1
Member 435,Grid x = 0,Grid y = 14
Member 436,Grid x = 43,Grid y = 38
Member 437,Grid x = 23,Grid y = 34
Member 438,Grid x = 40,Grid y = 18
Member 439,Grid x = 29,Grid y = 13
Member 440,Grid x = 10,Grid y = 43
Member 441,Grid x = 29,Grid y = 27
Member 442,Grid x = 11,Grid y = 21
Member 443,Grid x = 37,Grid y = 47
Member 444,Grid x = 10,Grid y = 39
Member 445,Grid x = 29,Grid y = 42
Member 446,Grid x = 18,Grid y = 10
Member 447,Grid x = 48,Grid y = 36
Member 448,Grid x = 34,Grid y = 28
Member 449,Grid x = 10,Grid y = 22
Member 450,Grid x = 0,Grid y = 12
Member 451,Grid x = 12,Grid y = 34
Member 452,Grid x = 29,Grid y = 32
Member 453,Grid x = 31,Grid y = 39
Member 454,Grid x = 35,Grid y = 18
Member 455,Grid x = 35,Grid y = 32
Member 456,Grid x = 40,Grid y = 46
Member 457,Grid x = 31,Grid y = 32
Member 458,Grid x = 22,Grid y = 19
Member 459,Grid x = 32,Grid y = 30
Member 460,Grid x = 2,Grid y = 4
Member 461,Grid x = 49,Grid y = 43
Member 462,Grid x = 28,Grid y = 30
Member 463,Grid x = 45,Grid y = 0
Member 464,Grid x = 20,Grid y = 17
Member 465,Grid x = 3,Grid y = 36
Member 466,Grid x = 10,Grid y = 33
Member 467,Grid x = 21,Grid y = 1
Member 468,Grid x = 1,Grid y = 20
Member 469,Grid x = 18,Grid y = 35
Member 470,Grid x = 33,Grid y = 4
Member 471,Grid x = 28,Grid y = 45
Member 472,Grid x = 38,Grid y = 3
Member 473,Grid x = 34,Grid y = 11
Member 474,Grid x = 47,Grid y = 0
Member 475,Grid x = 39,Grid y = 28
Member 476,Grid x = 41,Grid y = 24
Member 477,Grid x = 25,Grid y = 46
Member 478,Grid x = 46,Grid y = 31
Member 479,Grid x = 2,Grid y = 32
Member 480,Grid x = 5,Grid y = 30
Member 481,Grid x = 37,Grid y = 0
Member 482,Grid x = 30,Grid y = 41
Member 483,Grid x = 0,Grid y = 34
Member 484,Grid x = 18,Grid y = 5
Member 485,Grid x = 20,Grid y = 46
Member 486,Grid x = 34,Grid y = 16
Member 487,Grid x = 8,Grid y = 14
Member 488,Grid x = 48,Grid y = 35
Member 489,Grid x = 29,Grid y = 35
Member 490,Grid x = 35,Grid y = 25
Member 491,Grid x = 18,Grid y = 31
Member 492,Grid x = 8,Grid y = 2
Member 493,Grid x = 31,Grid y = 40
Member 494,Grid x = 10,Grid y = 35
Member 495,Grid x = 4,Grid y = 46
Member 496,Grid x = 4,Grid y = 23
Member 497,Grid x = 25,Grid y = 27
Member 498,Grid x = 32,Grid y = 28
Member 499,Grid x = 11,Grid y = 13
