FROM,Cap,Role,TO,Distance
339,3.33,class Agent.Leader,335,1
339,3.33,class Agent.Leader,13,1
339,3.33,class Agent.Leader,347,1
339,3.33,class Agent.Leader,90,1
339,3.33,class Agent.Leader,233,1
125,3.00,class Agent.Leader,3,1
125,3.00,class Agent.Leader,105,1
125,3.00,class Agent.Leader,67,1
125,3.00,class Agent.Leader,372,1
125,3.00,class Agent.Leader,255,1
125,3.00,class Agent.Leader,457,1
125,3.00,class Agent.Leader,72,1
125,3.00,class Agent.Leader,405,1
216,2.00,class Agent.Leader,386,1
216,2.00,class Agent.Leader,22,1
216,2.00,class Agent.Leader,232,1
216,2.00,class Agent.Leader,410,1
216,2.00,class Agent.Leader,408,1
216,2.00,class Agent.Leader,213,2
166,3.33,class Agent.Leader,84,1
166,3.33,class Agent.Leader,27,1
166,3.33,class Agent.Leader,97,1
166,3.33,class Agent.Leader,307,1
166,3.33,class Agent.Leader,234,1
212,2.00,class Agent.Leader,242,2
212,2.00,class Agent.Leader,378,1
212,2.00,class Agent.Leader,249,1
212,2.00,class Agent.Leader,79,2
212,2.00,class Agent.Leader,408,1
321,4.00,class Agent.Leader,172,1
321,4.00,class Agent.Leader,291,1
321,4.00,class Agent.Leader,154,1
321,4.00,class Agent.Leader,47,1
321,4.00,class Agent.Leader,266,2
321,4.00,class Agent.Leader,298,1
321,4.00,class Agent.Leader,277,1
292,2.67,class Agent.Leader,102,1
292,2.67,class Agent.Leader,286,1
292,2.67,class Agent.Leader,220,1
292,2.67,class Agent.Leader,349,1
292,2.67,class Agent.Leader,318,1
292,2.67,class Agent.Leader,51,1
59,2.33,class Agent.Leader,301,1
59,2.33,class Agent.Leader,23,1
59,2.33,class Agent.Leader,488,1
59,2.33,class Agent.Leader,285,1
59,2.33,class Agent.Leader,203,1
334,3.00,class Agent.Leader,1,1
334,3.00,class Agent.Leader,162,1
334,3.00,class Agent.Leader,141,1
334,3.00,class Agent.Leader,427,1
334,3.00,class Agent.Leader,261,1
334,3.00,class Agent.Leader,316,1
334,3.00,class Agent.Leader,180,1
76,2.67,class Agent.Leader,246,1
76,2.67,class Agent.Leader,370,1
76,2.67,class Agent.Leader,445,1
76,2.67,class Agent.Leader,250,1
76,2.67,class Agent.Leader,465,1
76,2.67,class Agent.Leader,215,1
4,2.67,class Agent.Leader,223,1
4,2.67,class Agent.Leader,38,1
4,2.67,class Agent.Leader,489,1
4,2.67,class Agent.Leader,328,1
4,2.67,class Agent.Leader,460,2
169,3.67,class Agent.Leader,124,1
169,3.67,class Agent.Leader,448,1
169,3.67,class Agent.Leader,297,1
169,3.67,class Agent.Leader,420,1
169,3.67,class Agent.Leader,87,1
132,3.33,class Agent.Leader,70,1
132,3.33,class Agent.Leader,372,1
132,3.33,class Agent.Leader,24,1
132,3.33,class Agent.Leader,180,1
132,3.33,class Agent.Leader,187,1
248,2.00,class Agent.Leader,12,1
248,2.00,class Agent.Leader,344,1
248,2.00,class Agent.Leader,160,1
248,2.00,class Agent.Leader,455,1
248,2.00,class Agent.Leader,439,1
402,3.33,class Agent.Leader,398,1
402,3.33,class Agent.Leader,336,1
402,3.33,class Agent.Leader,415,1
402,3.33,class Agent.Leader,286,1
402,3.33,class Agent.Leader,52,1
402,3.33,class Agent.Leader,498,1
371,3.33,class Agent.Leader,395,1
371,3.33,class Agent.Leader,314,1
371,3.33,class Agent.Leader,269,1
371,3.33,class Agent.Leader,346,1
371,3.33,class Agent.Leader,163,1
473,4.00,class Agent.Leader,452,1
473,4.00,class Agent.Leader,445,1
473,4.00,class Agent.Leader,149,1
473,4.00,class Agent.Leader,250,1
473,4.00,class Agent.Leader,69,1
473,4.00,class Agent.Leader,403,1
73,2.33,class Agent.Leader,227,1
73,2.33,class Agent.Leader,282,1
73,2.33,class Agent.Leader,443,1
73,2.33,class Agent.Leader,444,1
73,2.33,class Agent.Leader,228,1
73,2.33,class Agent.Leader,170,1
73,2.33,class Agent.Leader,233,1
490,2.67,class Agent.Leader,279,1
490,2.67,class Agent.Leader,437,1
490,2.67,class Agent.Leader,195,1
490,2.67,class Agent.Leader,468,1
490,2.67,class Agent.Leader,303,1
429,1.67,class Agent.Leader,398,1
429,1.67,class Agent.Leader,172,1
429,1.67,class Agent.Leader,336,1
429,1.67,class Agent.Leader,5,1
429,1.67,class Agent.Leader,181,1
429,1.67,class Agent.Leader,160,1
429,1.67,class Agent.Leader,168,1
108,2.67,class Agent.Leader,95,1
108,2.67,class Agent.Leader,221,1
108,2.67,class Agent.Leader,135,1
108,2.67,class Agent.Leader,467,1
108,2.67,class Agent.Leader,322,1
108,2.67,class Agent.Leader,28,1
333,1.33,class Agent.Leader,336,1
333,1.33,class Agent.Leader,126,1
333,1.33,class Agent.Leader,420,1
333,1.33,class Agent.Leader,56,1
333,1.33,class Agent.Leader,200,1
333,1.33,class Agent.Leader,460,2
256,4.33,class Agent.Leader,393,1
256,4.33,class Agent.Leader,426,1
256,4.33,class Agent.Leader,325,1
256,4.33,class Agent.Leader,140,1
256,4.33,class Agent.Leader,135,1
256,4.33,class Agent.Leader,340,1
256,4.33,class Agent.Leader,472,1
412,3.33,class Agent.Leader,349,1
412,3.33,class Agent.Leader,156,1
412,3.33,class Agent.Leader,46,1
412,3.33,class Agent.Leader,294,1
182,3.33,class Agent.Leader,295,1
182,3.33,class Agent.Leader,222,1
182,3.33,class Agent.Leader,251,2
182,3.33,class Agent.Leader,457,1
190,3.33,class Agent.Leader,300,1
190,3.33,class Agent.Leader,437,1
190,3.33,class Agent.Leader,259,1
190,3.33,class Agent.Leader,34,1
190,3.33,class Agent.Leader,394,1
190,3.33,class Agent.Leader,379,1
343,2.33,class Agent.Leader,245,1
343,2.33,class Agent.Leader,179,1
343,2.33,class Agent.Leader,258,1
343,2.33,class Agent.Leader,368,1
343,2.33,class Agent.Leader,24,1
343,2.33,class Agent.Leader,316,1
343,2.33,class Agent.Leader,479,1
462,2.67,class Agent.Leader,5,1
462,2.67,class Agent.Leader,306,1
462,2.67,class Agent.Leader,40,1
462,2.67,class Agent.Leader,26,1
462,2.67,class Agent.Leader,396,1
355,3.00,class Agent.Leader,391,1
355,3.00,class Agent.Leader,480,1
355,3.00,class Agent.Leader,191,1
355,3.00,class Agent.Leader,264,1
355,3.00,class Agent.Leader,111,1
449,1.33,class Agent.Leader,430,1
449,1.33,class Agent.Leader,198,1
449,1.33,class Agent.Leader,456,1
449,1.33,class Agent.Leader,204,1
449,1.33,class Agent.Leader,320,1
449,1.33,class Agent.Leader,79,2
449,1.33,class Agent.Leader,226,1
425,3.33,class Agent.Leader,401,1
425,3.33,class Agent.Leader,141,1
425,3.33,class Agent.Leader,234,1
425,3.33,class Agent.Leader,477,1
375,2.33,class Agent.Leader,162,1
375,2.33,class Agent.Leader,245,1
375,2.33,class Agent.Leader,261,1
375,2.33,class Agent.Leader,99,1
375,2.33,class Agent.Leader,392,2
375,2.33,class Agent.Leader,337,1
281,4.00,class Agent.Leader,401,1
281,4.00,class Agent.Leader,137,1
281,4.00,class Agent.Leader,234,1
281,4.00,class Agent.Leader,82,1
281,4.00,class Agent.Leader,161,1
281,4.00,class Agent.Leader,142,1
281,4.00,class Agent.Leader,173,1
192,3.00,class Agent.Leader,113,1
192,3.00,class Agent.Leader,415,1
192,3.00,class Agent.Leader,28,1
192,3.00,class Agent.Leader,329,1
192,3.00,class Agent.Leader,470,1
289,1.33,class Agent.Leader,239,1
289,1.33,class Agent.Leader,35,1
289,1.33,class Agent.Leader,309,1
289,1.33,class Agent.Leader,82,1
289,1.33,class Agent.Leader,142,1
289,1.33,class Agent.Leader,407,2
342,2.33,class Agent.Leader,442,1
342,2.33,class Agent.Leader,113,1
342,2.33,class Agent.Leader,279,1
342,2.33,class Agent.Leader,39,1
342,2.33,class Agent.Leader,352,1
342,2.33,class Agent.Leader,97,1
342,2.33,class Agent.Leader,395,1
257,3.67,class Agent.Leader,129,1
257,3.67,class Agent.Leader,39,1
257,3.67,class Agent.Leader,284,1
257,3.67,class Agent.Leader,7,1
257,3.67,class Agent.Leader,269,1
257,3.67,class Agent.Leader,128,1
257,3.67,class Agent.Leader,121,1
366,2.33,class Agent.Leader,129,1
366,2.33,class Agent.Leader,105,1
366,2.33,class Agent.Leader,91,1
366,2.33,class Agent.Leader,259,1
366,2.33,class Agent.Leader,492,1
366,2.33,class Agent.Leader,380,1
366,2.33,class Agent.Leader,262,1
44,3.67,class Agent.Leader,421,1
44,3.67,class Agent.Leader,263,1
44,3.67,class Agent.Leader,6,1
44,3.67,class Agent.Leader,229,1
44,3.67,class Agent.Leader,75,1
44,3.67,class Agent.Leader,440,1
332,2.00,class Agent.Leader,430,1
332,2.00,class Agent.Leader,15,1
332,2.00,class Agent.Leader,35,1
332,2.00,class Agent.Leader,453,1
332,2.00,class Agent.Leader,267,1
332,2.00,class Agent.Leader,369,1
483,3.00,class Agent.Leader,237,2
483,3.00,class Agent.Leader,450,1
483,3.00,class Agent.Leader,232,1
483,3.00,class Agent.Leader,271,1
483,3.00,class Agent.Leader,168,1
483,3.00,class Agent.Leader,14,1
483,3.00,class Agent.Leader,358,1
483,3.00,class Agent.Leader,470,1
374,2.00,class Agent.Leader,476,1
374,2.00,class Agent.Leader,314,1
374,2.00,class Agent.Leader,488,1
374,2.00,class Agent.Leader,431,1
374,2.00,class Agent.Leader,203,1
188,2.67,class Agent.Leader,393,1
188,2.67,class Agent.Leader,413,1
188,2.67,class Agent.Leader,3,1
188,2.67,class Agent.Leader,207,2
188,2.67,class Agent.Leader,161,1
188,2.67,class Agent.Leader,274,2
231,1.67,class Agent.Leader,26,1
231,1.67,class Agent.Leader,232,1
231,1.67,class Agent.Leader,14,1
231,1.67,class Agent.Leader,458,1
388,3.00,class Agent.Leader,247,1
388,3.00,class Agent.Leader,385,1
388,3.00,class Agent.Leader,307,1
388,3.00,class Agent.Leader,254,1
388,3.00,class Agent.Leader,87,1
388,3.00,class Agent.Leader,252,1
388,3.00,class Agent.Leader,492,1
388,3.00,class Agent.Leader,428,1
484,1.67,class Agent.Leader,124,1
484,1.67,class Agent.Leader,395,1
484,1.67,class Agent.Leader,384,2
484,1.67,class Agent.Leader,283,1
484,1.67,class Agent.Leader,75,1
418,2.33,class Agent.Leader,81,1
418,2.33,class Agent.Leader,207,1
418,2.33,class Agent.Leader,444,1
418,2.33,class Agent.Leader,57,1
418,2.33,class Agent.Leader,381,1
418,2.33,class Agent.Leader,205,1
20,1.67,class Agent.Leader,175,1
20,1.67,class Agent.Leader,31,1
20,1.67,class Agent.Leader,122,1
20,1.67,class Agent.Leader,384,1
20,1.67,class Agent.Leader,149,1
165,2.67,class Agent.Leader,438,1
165,2.67,class Agent.Leader,274,1
50,2.00,class Agent.Leader,398,1
50,2.00,class Agent.Leader,335,1
50,2.00,class Agent.Leader,104,1
50,2.00,class Agent.Leader,295,1
50,2.00,class Agent.Leader,311,1
50,2.00,class Agent.Leader,2,1
58,3.67,class Agent.Leader,94,1
58,3.67,class Agent.Leader,325,1
58,3.67,class Agent.Leader,309,1
58,3.67,class Agent.Leader,303,1
58,3.67,class Agent.Leader,107,1
58,3.67,class Agent.Leader,225,1
58,3.67,class Agent.Leader,205,1
58,3.67,class Agent.Leader,369,1
419,3.33,class Agent.Leader,77,1
419,3.33,class Agent.Leader,278,1
419,3.33,class Agent.Leader,424,1
419,3.33,class Agent.Leader,13,1
419,3.33,class Agent.Leader,189,1
419,3.33,class Agent.Leader,253,1
55,2.67,class Agent.Leader,309,1
55,2.67,class Agent.Leader,54,1
55,2.67,class Agent.Leader,469,1
55,2.67,class Agent.Leader,173,1
55,2.67,class Agent.Leader,71,2
177,3.00,class Agent.Leader,119,1
177,3.00,class Agent.Leader,153,1
177,3.00,class Agent.Leader,363,1
177,3.00,class Agent.Leader,246,1
177,3.00,class Agent.Leader,497,1
177,3.00,class Agent.Leader,464,1
409,3.00,class Agent.Leader,130,1
409,3.00,class Agent.Leader,211,1
409,3.00,class Agent.Leader,271,1
409,3.00,class Agent.Leader,83,1
409,3.00,class Agent.Leader,471,1
409,3.00,class Agent.Leader,431,1
409,3.00,class Agent.Leader,329,1
409,3.00,class Agent.Leader,439,1
272,2.33,class Agent.Leader,421,1
272,2.33,class Agent.Leader,435,1
272,2.33,class Agent.Leader,229,1
272,2.33,class Agent.Leader,96,1
323,2.67,class Agent.Leader,363,1
323,2.67,class Agent.Leader,338,1
323,2.67,class Agent.Leader,397,1
323,2.67,class Agent.Leader,205,1
85,2.67,class Agent.Leader,391,1
85,2.67,class Agent.Leader,306,1
85,2.67,class Agent.Leader,338,2
85,2.67,class Agent.Leader,122,1
85,2.67,class Agent.Leader,72,1
152,3.33,class Agent.Leader,133,1
152,3.33,class Agent.Leader,64,2
152,3.33,class Agent.Leader,370,1
152,3.33,class Agent.Leader,189,1
152,3.33,class Agent.Leader,432,1
152,3.33,class Agent.Leader,25,1
152,3.33,class Agent.Leader,362,1
117,3.00,class Agent.Leader,77,1
117,3.00,class Agent.Leader,280,1
117,3.00,class Agent.Leader,25,1
117,3.00,class Agent.Leader,215,1
117,3.00,class Agent.Leader,115,1
117,3.00,class Agent.Leader,441,1
436,2.33,class Agent.Leader,242,1
436,2.33,class Agent.Leader,291,1
436,2.33,class Agent.Leader,249,1
436,2.33,class Agent.Leader,47,1
436,2.33,class Agent.Leader,26,1
436,2.33,class Agent.Leader,384,1
436,2.33,class Agent.Leader,191,1
167,3.00,class Agent.Leader,386,1
167,3.00,class Agent.Leader,494,1
167,3.00,class Agent.Leader,385,1
167,3.00,class Agent.Leader,224,1
167,3.00,class Agent.Leader,63,1
167,3.00,class Agent.Leader,495,1
147,3.67,class Agent.Leader,31,1
147,3.67,class Agent.Leader,131,1
147,3.67,class Agent.Leader,26,1
147,3.67,class Agent.Leader,331,1
147,3.67,class Agent.Leader,191,1
202,2.33,class Agent.Leader,456,1
202,2.33,class Agent.Leader,413,1
202,2.33,class Agent.Leader,245,1
202,2.33,class Agent.Leader,135,1
202,2.33,class Agent.Leader,91,1
202,2.33,class Agent.Leader,134,1
404,2.33,class Agent.Leader,282,1
404,2.33,class Agent.Leader,443,1
404,2.33,class Agent.Leader,49,1
404,2.33,class Agent.Leader,226,1
404,2.33,class Agent.Leader,115,1
351,2.67,class Agent.Leader,386,1
351,2.67,class Agent.Leader,88,1
351,2.67,class Agent.Leader,450,1
351,2.67,class Agent.Leader,89,1
351,2.67,class Agent.Leader,459,1
351,2.67,class Agent.Leader,298,1
351,2.67,class Agent.Leader,201,1
351,2.67,class Agent.Leader,358,1
270,3.67,class Agent.Leader,230,1
270,3.67,class Agent.Leader,16,1
270,3.67,class Agent.Leader,23,1
270,3.67,class Agent.Leader,19,1
270,3.67,class Agent.Leader,461,1
270,3.67,class Agent.Leader,405,1
270,3.67,class Agent.Leader,313,1
114,2.33,class Agent.Leader,237,1
114,2.33,class Agent.Leader,40,1
114,2.33,class Agent.Leader,36,1
114,2.33,class Agent.Leader,311,1
114,2.33,class Agent.Leader,400,1
399,3.33,class Agent.Leader,48,1
399,3.33,class Agent.Leader,494,1
399,3.33,class Agent.Leader,491,1
399,3.33,class Agent.Leader,232,1
399,3.33,class Agent.Leader,331,1
399,3.33,class Agent.Leader,287,1
11,3.00,class Agent.Leader,239,1
11,3.00,class Agent.Leader,223,1
11,3.00,class Agent.Leader,140,1
11,3.00,class Agent.Leader,21,1
11,3.00,class Agent.Leader,240,1
11,3.00,class Agent.Leader,98,1
199,2.67,class Agent.Leader,430,1
199,2.67,class Agent.Leader,35,1
199,2.67,class Agent.Leader,243,1
199,2.67,class Agent.Leader,392,2
199,2.67,class Agent.Leader,69,1
199,2.67,class Agent.Leader,486,1
357,3.33,class Agent.Leader,15,1
357,3.33,class Agent.Leader,397,1
357,3.33,class Agent.Leader,287,1
357,3.33,class Agent.Leader,459,1
357,3.33,class Agent.Leader,499,1
357,3.33,class Agent.Leader,158,1
357,3.33,class Agent.Leader,407,2
118,1.67,class Agent.Leader,95,1
118,1.67,class Agent.Leader,130,1
118,1.67,class Agent.Leader,368,1
118,1.67,class Agent.Leader,53,2
118,1.67,class Agent.Leader,139,1
118,1.67,class Agent.Leader,477,1
118,1.67,class Agent.Leader,383,1
238,1.33,class Agent.Leader,325,1
238,1.33,class Agent.Leader,411,1
238,1.33,class Agent.Leader,34,1
238,1.33,class Agent.Leader,121,1
238,1.33,class Agent.Leader,383,1
296,3.00,class Agent.Leader,480,1
296,3.00,class Agent.Leader,364,1
296,3.00,class Agent.Leader,164,1
296,3.00,class Agent.Leader,277,1
296,3.00,class Agent.Leader,495,1
296,3.00,class Agent.Leader,458,1
296,3.00,class Agent.Leader,463,1
10,3.00,class Agent.Leader,227,1
10,3.00,class Agent.Leader,452,1
10,3.00,class Agent.Leader,153,1
10,3.00,class Agent.Leader,37,1
10,3.00,class Agent.Leader,99,1
341,2.67,class Agent.Leader,360,1
341,2.67,class Agent.Leader,491,1
341,2.67,class Agent.Leader,275,1
341,2.67,class Agent.Leader,482,1
341,2.67,class Agent.Leader,150,1
341,2.67,class Agent.Leader,197,1
92,2.00,class Agent.Leader,299,1
92,2.00,class Agent.Leader,326,1
92,2.00,class Agent.Leader,469,1
92,2.00,class Agent.Leader,25,1
92,2.00,class Agent.Leader,184,1
210,1.67,class Agent.Leader,282,1
210,1.67,class Agent.Leader,204,1
210,1.67,class Agent.Leader,37,1
210,1.67,class Agent.Leader,65,1
210,1.67,class Agent.Leader,157,1
210,1.67,class Agent.Leader,71,1
210,1.67,class Agent.Leader,464,1
17,2.00,class Agent.Leader,446,1
17,2.00,class Agent.Leader,344,1
17,2.00,class Agent.Leader,235,1
17,2.00,class Agent.Leader,331,1
17,2.00,class Agent.Leader,416,1
17,2.00,class Agent.Leader,294,1
17,2.00,class Agent.Leader,79,1
17,2.00,class Agent.Leader,68,1
373,2.67,class Agent.Leader,1,1
373,2.67,class Agent.Leader,309,1
373,2.67,class Agent.Leader,207,1
373,2.67,class Agent.Leader,437,1
373,2.67,class Agent.Leader,170,1
373,2.67,class Agent.Leader,475,1
305,3.00,class Agent.Leader,268,1
305,3.00,class Agent.Leader,171,1
305,3.00,class Agent.Leader,453,1
305,3.00,class Agent.Leader,97,1
305,3.00,class Agent.Leader,264,1
116,3.33,class Agent.Leader,56,1
116,3.33,class Agent.Leader,382,1
116,3.33,class Agent.Leader,304,1
116,3.33,class Agent.Leader,14,1
116,3.33,class Agent.Leader,222,1
116,3.33,class Agent.Leader,111,1
116,3.33,class Agent.Leader,463,1
423,2.67,class Agent.Leader,368,1
423,2.67,class Agent.Leader,61,2
423,2.67,class Agent.Leader,185,1
42,2.00,class Agent.Leader,198,1
42,2.00,class Agent.Leader,104,1
42,2.00,class Agent.Leader,427,2
42,2.00,class Agent.Leader,43,1
42,2.00,class Agent.Leader,465,1
478,4.00,class Agent.Leader,148,1
478,4.00,class Agent.Leader,247,1
478,4.00,class Agent.Leader,307,1
478,4.00,class Agent.Leader,200,1
478,4.00,class Agent.Leader,29,1
206,2.33,class Agent.Leader,138,1
206,2.33,class Agent.Leader,12,1
206,2.33,class Agent.Leader,290,1
206,2.33,class Agent.Leader,410,1
451,2.00,class Agent.Leader,84,1
451,2.00,class Agent.Leader,171,1
451,2.00,class Agent.Leader,221,1
451,2.00,class Agent.Leader,431,1
356,2.67,class Agent.Leader,446,1
356,2.67,class Agent.Leader,312,1
356,2.67,class Agent.Leader,452,1
356,2.67,class Agent.Leader,204,1
356,2.67,class Agent.Leader,49,1
356,2.67,class Agent.Leader,54,1
356,2.67,class Agent.Leader,377,1
151,4.00,class Agent.Leader,95,1
151,4.00,class Agent.Leader,148,1
151,4.00,class Agent.Leader,136,1
151,4.00,class Agent.Leader,254,1
151,4.00,class Agent.Leader,316,1
151,4.00,class Agent.Leader,283,1
151,4.00,class Agent.Leader,32,1
354,2.67,class Agent.Leader,312,1
354,2.67,class Agent.Leader,280,1
354,2.67,class Agent.Leader,266,1
354,2.67,class Agent.Leader,53,3
354,2.67,class Agent.Leader,197,1
354,2.67,class Agent.Leader,353,2
354,2.67,class Agent.Leader,381,1
310,2.67,class Agent.Leader,422,1
310,2.67,class Agent.Leader,319,1
310,2.67,class Agent.Leader,405,1
390,2.67,class Agent.Leader,8,1
390,2.67,class Agent.Leader,417,1
390,2.67,class Agent.Leader,80,1
390,2.67,class Agent.Leader,389,1
390,2.67,class Agent.Leader,461,1
390,2.67,class Agent.Leader,219,1
236,3.33,class Agent.Leader,417,1
236,3.33,class Agent.Leader,163,2
236,3.33,class Agent.Leader,75,1
236,3.33,class Agent.Leader,110,1
112,2.00,class Agent.Leader,391,1
112,2.00,class Agent.Leader,489,1
112,2.00,class Agent.Leader,68,1
112,2.00,class Agent.Leader,184,1
112,2.00,class Agent.Leader,313,1
112,2.00,class Agent.Leader,262,1
144,4.00,class Agent.Leader,74,1
144,4.00,class Agent.Leader,16,1
144,4.00,class Agent.Leader,106,1
144,4.00,class Agent.Leader,240,1
144,4.00,class Agent.Leader,330,1
144,4.00,class Agent.Leader,428,1
273,2.33,class Agent.Leader,81,1
273,2.33,class Agent.Leader,57,1
273,2.33,class Agent.Leader,82,1
273,2.33,class Agent.Leader,265,1
273,2.33,class Agent.Leader,244,1
273,2.33,class Agent.Leader,33,1
317,2.00,class Agent.Leader,74,1
317,2.00,class Agent.Leader,36,1
317,2.00,class Agent.Leader,370,1
317,2.00,class Agent.Leader,101,1
317,2.00,class Agent.Leader,225,1
324,2.67,class Agent.Leader,12,1
324,2.67,class Agent.Leader,286,1
324,2.67,class Agent.Leader,378,1
324,2.67,class Agent.Leader,448,1
324,2.67,class Agent.Leader,6,1
324,2.67,class Agent.Leader,297,1
324,2.67,class Agent.Leader,298,1
193,2.00,class Agent.Leader,160,1
193,2.00,class Agent.Leader,287,1
193,2.00,class Agent.Leader,213,1
123,2.00,class Agent.Leader,129,1
123,2.00,class Agent.Leader,67,1
123,2.00,class Agent.Leader,101,1
123,2.00,class Agent.Leader,475,1
123,2.00,class Agent.Leader,157,1
217,3.33,class Agent.Leader,7,1
217,3.33,class Agent.Leader,488,1
217,3.33,class Agent.Leader,106,1
217,3.33,class Agent.Leader,474,1
217,3.33,class Agent.Leader,364,1
217,3.33,class Agent.Leader,380,1
217,3.33,class Agent.Leader,178,1
217,3.33,class Agent.Leader,315,1
376,2.33,class Agent.Leader,476,1
376,2.33,class Agent.Leader,174,1
376,2.33,class Agent.Leader,133,1
376,2.33,class Agent.Leader,455,1
194,3.67,class Agent.Leader,476,1
194,3.67,class Agent.Leader,249,1
194,3.67,class Agent.Leader,131,1
194,3.67,class Agent.Leader,158,1
194,3.67,class Agent.Leader,302,1
194,3.67,class Agent.Leader,107,1
194,3.67,class Agent.Leader,458,1
208,1.67,class Agent.Leader,100,1
208,1.67,class Agent.Leader,494,1
208,1.67,class Agent.Leader,290,1
208,1.67,class Agent.Leader,485,1
208,1.67,class Agent.Leader,380,1
208,1.67,class Agent.Leader,226,1
208,1.67,class Agent.Leader,214,1
493,2.33,class Agent.Leader,496,1
493,2.33,class Agent.Leader,140,1
493,2.33,class Agent.Leader,280,1
493,2.33,class Agent.Leader,60,1
493,2.33,class Agent.Leader,330,1
493,2.33,class Agent.Leader,362,1
493,2.33,class Agent.Leader,472,1
41,1.00,class Agent.Leader,162,1
41,1.00,class Agent.Leader,487,1
41,1.00,class Agent.Leader,161,1
41,1.00,class Agent.Leader,265,1
41,1.00,class Agent.Leader,348,1
41,1.00,class Agent.Leader,180,1
41,1.00,class Agent.Leader,379,1
18,2.33,class Agent.Leader,421,1
18,2.33,class Agent.Leader,422,1
18,2.33,class Agent.Leader,120,1
18,2.33,class Agent.Leader,244,1
18,2.33,class Agent.Leader,146,1
109,2.00,class Agent.Leader,198,1
109,2.00,class Agent.Leader,434,1
109,2.00,class Agent.Leader,101,1
109,2.00,class Agent.Leader,65,1
109,2.00,class Agent.Leader,178,1
308,1.67,class Agent.Member,133,1
308,1.67,class Agent.Member,225,1
113,3.33,class Agent.Member,342,1
113,3.33,class Agent.Member,192,1
113,3.33,class Agent.Member,151,1
444,2.00,class Agent.Member,73,1
480,4.33,class Agent.Member,296,1
480,4.33,class Agent.Member,355,1
480,4.33,class Agent.Member,409,1
141,3.33,class Agent.Member,334,1
141,3.33,class Agent.Member,425,1
377,4.00,class Agent.Member,356,1
377,4.00,class Agent.Member,11,1
377,4.00,class Agent.Member,177,1
485,3.33,class Agent.Member,10,1
485,3.33,class Agent.Member,208,1
485,3.33,class Agent.Member,354,1
378,2.67,class Agent.Member,324,1
378,2.67,class Agent.Member,212,1
378,2.67,class Agent.Member,206,1
468,2.67,class Agent.Member,334,1
468,2.67,class Agent.Member,188,1
468,2.67,class Agent.Member,490,1
80,3.33,class Agent.Member,388,1
80,3.33,class Agent.Member,390,1
80,3.33,class Agent.Member,425,1
203,3.33,class Agent.Member,374,1
203,3.33,class Agent.Member,190,1
203,3.33,class Agent.Member,59,1
203,3.33,class Agent.Member,256,1
30,2.00,class Agent.Member,59,1
30,2.00,class Agent.Member,484,1
282,4.00,class Agent.Member,73,1
282,4.00,class Agent.Member,210,1
282,4.00,class Agent.Member,404,1
353,2.67,class Agent.Member,354,2
405,4.00,class Agent.Member,270,1
405,4.00,class Agent.Member,310,1
405,4.00,class Agent.Member,55,1
405,4.00,class Agent.Member,125,1
106,4.00,class Agent.Member,166,1
106,4.00,class Agent.Member,182,1
106,4.00,class Agent.Member,144,1
106,4.00,class Agent.Member,151,1
106,4.00,class Agent.Member,217,1
71,2.67,class Agent.Member,55,2
71,2.67,class Agent.Member,210,1
265,2.00,class Agent.Member,41,1
265,2.00,class Agent.Member,273,1
265,2.00,class Agent.Member,289,1
172,3.67,class Agent.Member,429,1
172,3.67,class Agent.Member,321,1
392,3.33,class Agent.Member,375,2
392,3.33,class Agent.Member,199,2
309,3.67,class Agent.Member,55,1
309,3.67,class Agent.Member,58,1
309,3.67,class Agent.Member,289,1
309,3.67,class Agent.Member,373,1
49,3.00,class Agent.Member,356,1
49,3.00,class Agent.Member,425,2
49,3.00,class Agent.Member,404,1
197,4.67,class Agent.Member,354,1
197,4.67,class Agent.Member,341,1
197,4.67,class Agent.Member,404,1
119,2.67,class Agent.Member,177,1
472,3.33,class Agent.Member,256,1
472,3.33,class Agent.Member,210,2
472,3.33,class Agent.Member,493,1
472,3.33,class Agent.Member,373,1
283,2.67,class Agent.Member,44,1
283,2.67,class Agent.Member,272,1
283,2.67,class Agent.Member,484,1
283,2.67,class Agent.Member,151,1
120,3.33,class Agent.Member,18,1
120,3.33,class Agent.Member,305,1
40,3.67,class Agent.Member,114,1
40,3.67,class Agent.Member,462,1
487,2.00,class Agent.Member,41,1
487,2.00,class Agent.Member,373,1
396,2.67,class Agent.Member,374,2
396,2.67,class Agent.Member,462,1
370,3.33,class Agent.Member,76,1
370,3.33,class Agent.Member,152,1
370,3.33,class Agent.Member,317,1
228,2.67,class Agent.Member,73,1
228,2.67,class Agent.Member,11,1
180,4.00,class Agent.Member,41,1
180,4.00,class Agent.Member,388,1
180,4.00,class Agent.Member,334,1
180,4.00,class Agent.Member,132,1
149,4.00,class Agent.Member,473,1
149,4.00,class Agent.Member,20,1
3,2.67,class Agent.Member,188,1
3,2.67,class Agent.Member,125,1
178,3.00,class Agent.Member,310,1
178,3.00,class Agent.Member,193,1
178,3.00,class Agent.Member,109,1
178,3.00,class Agent.Member,217,1
344,2.00,class Agent.Member,17,1
344,2.00,class Agent.Member,376,1
344,2.00,class Agent.Member,248,1
369,2.00,class Agent.Member,58,1
369,2.00,class Agent.Member,332,1
369,2.00,class Agent.Member,92,1
26,4.00,class Agent.Member,436,1
26,4.00,class Agent.Member,147,1
26,4.00,class Agent.Member,462,1
26,4.00,class Agent.Member,231,1
101,4.00,class Agent.Member,123,1
101,4.00,class Agent.Member,144,1
101,4.00,class Agent.Member,109,1
101,4.00,class Agent.Member,317,1
115,3.67,class Agent.Member,117,1
115,3.67,class Agent.Member,404,1
75,4.00,class Agent.Member,44,1
75,4.00,class Agent.Member,236,1
75,4.00,class Agent.Member,484,1
476,4.00,class Agent.Member,374,1
476,4.00,class Agent.Member,194,1
397,3.33,class Agent.Member,357,1
397,3.33,class Agent.Member,473,1
397,3.33,class Agent.Member,376,1
397,3.33,class Agent.Member,323,1
496,2.00,class Agent.Member,76,1
496,2.00,class Agent.Member,493,1
496,2.00,class Agent.Member,373,2
83,1.67,class Agent.Member,409,1
398,4.33,class Agent.Member,429,1
398,4.33,class Agent.Member,50,1
398,4.33,class Agent.Member,402,1
398,4.33,class Agent.Member,436,1
372,4.67,class Agent.Member,132,1
372,4.67,class Agent.Member,125,1
90,3.33,class Agent.Member,356,1
90,3.33,class Agent.Member,339,1
379,3.33,class Agent.Member,41,1
379,3.33,class Agent.Member,190,1
379,3.33,class Agent.Member,273,1
223,4.00,class Agent.Member,11,1
223,4.00,class Agent.Member,199,1
223,4.00,class Agent.Member,4,1
499,2.67,class Agent.Member,357,1
499,2.67,class Agent.Member,114,1
233,3.67,class Agent.Member,73,1
233,3.67,class Agent.Member,339,1
233,3.67,class Agent.Member,177,1
162,3.33,class Agent.Member,41,1
162,3.33,class Agent.Member,375,1
162,3.33,class Agent.Member,334,1
162,3.33,class Agent.Member,281,1
245,4.00,class Agent.Member,343,1
245,4.00,class Agent.Member,375,1
245,4.00,class Agent.Member,202,1
139,2.33,class Agent.Member,118,1
139,2.33,class Agent.Member,256,1
139,2.33,class Agent.Member,202,1
235,3.33,class Agent.Member,357,1
235,3.33,class Agent.Member,17,1
235,3.33,class Agent.Member,462,1
235,3.33,class Agent.Member,92,1
39,3.67,class Agent.Member,342,1
39,3.67,class Agent.Member,257,1
39,3.67,class Agent.Member,165,1
61,2.33,class Agent.Member,423,2
14,4.33,class Agent.Member,116,1
14,4.33,class Agent.Member,483,1
14,4.33,class Agent.Member,436,1
14,4.33,class Agent.Member,231,1
428,2.67,class Agent.Member,388,1
428,2.67,class Agent.Member,144,1
428,2.67,class Agent.Member,199,1
66,2.67,class Agent.Member,371,1
66,2.67,class Agent.Member,123,1
77,3.67,class Agent.Member,117,1
77,3.67,class Agent.Member,419,1
335,3.67,class Agent.Member,50,1
335,3.67,class Agent.Member,112,1
335,3.67,class Agent.Member,339,1
335,3.67,class Agent.Member,117,2
8,2.67,class Agent.Member,390,1
8,2.67,class Agent.Member,151,1
455,2.00,class Agent.Member,412,1
455,2.00,class Agent.Member,248,1
88,2.67,class Agent.Member,351,1
134,3.33,class Agent.Member,42,2
134,3.33,class Agent.Member,202,1
219,2.67,class Agent.Member,44,1
219,2.67,class Agent.Member,390,1
131,5.00,class Agent.Member,85,2
131,5.00,class Agent.Member,147,1
131,5.00,class Agent.Member,292,1
131,5.00,class Agent.Member,194,1
131,5.00,class Agent.Member,308,2
475,3.33,class Agent.Member,55,1
475,3.33,class Agent.Member,123,1
475,3.33,class Agent.Member,373,1
239,2.67,class Agent.Member,11,1
239,2.67,class Agent.Member,108,2
239,2.67,class Agent.Member,289,1
22,2.00,class Agent.Member,357,1
22,2.00,class Agent.Member,216,1
22,2.00,class Agent.Member,473,1
311,3.33,class Agent.Member,50,1
311,3.33,class Agent.Member,114,1
311,3.33,class Agent.Member,109,2
294,2.33,class Agent.Member,17,1
294,2.33,class Agent.Member,399,1
294,2.33,class Agent.Member,412,1
431,4.67,class Agent.Member,374,1
431,4.67,class Agent.Member,451,1
431,4.67,class Agent.Member,409,1
491,2.33,class Agent.Member,399,1
491,2.33,class Agent.Member,473,1
491,2.33,class Agent.Member,341,1
67,2.33,class Agent.Member,123,1
67,2.33,class Agent.Member,208,1
67,2.33,class Agent.Member,125,1
277,3.00,class Agent.Member,296,1
277,3.00,class Agent.Member,272,2
277,3.00,class Agent.Member,321,1
128,2.67,class Agent.Member,310,1
128,2.67,class Agent.Member,257,1
189,2.67,class Agent.Member,212,2
189,2.67,class Agent.Member,152,1
189,2.67,class Agent.Member,419,1
240,3.00,class Agent.Member,257,1
240,3.00,class Agent.Member,144,1
240,3.00,class Agent.Member,11,1
227,3.67,class Agent.Member,10,1
227,3.67,class Agent.Member,418,1
227,3.67,class Agent.Member,73,1
227,3.67,class Agent.Member,117,1
471,1.33,class Agent.Member,409,1
387,1.67,class Agent.Member,412,1
387,1.67,class Agent.Member,321,1
79,3.00,class Agent.Member,17,1
79,3.00,class Agent.Member,449,2
79,3.00,class Agent.Member,212,2
278,2.00,class Agent.Member,339,1
278,2.00,class Agent.Member,419,1
278,2.00,class Agent.Member,177,1
278,2.00,class Agent.Member,308,1
443,3.00,class Agent.Member,73,1
443,3.00,class Agent.Member,404,1
247,3.00,class Agent.Member,388,1
247,3.00,class Agent.Member,478,1
247,3.00,class Agent.Member,125,1
459,2.33,class Agent.Member,357,1
459,2.33,class Agent.Member,351,1
459,2.33,class Agent.Member,42,2
459,2.33,class Agent.Member,248,1
204,3.00,class Agent.Member,356,1
204,3.00,class Agent.Member,449,1
204,3.00,class Agent.Member,210,1
204,3.00,class Agent.Member,202,2
474,3.67,class Agent.Member,166,1
474,3.67,class Agent.Member,490,1
474,3.67,class Agent.Member,217,1
452,3.67,class Agent.Member,10,1
452,3.67,class Agent.Member,356,1
452,3.67,class Agent.Member,473,1
313,3.33,class Agent.Member,270,1
313,3.33,class Agent.Member,112,1
313,3.33,class Agent.Member,332,1
313,3.33,class Agent.Member,373,1
383,3.33,class Agent.Member,55,1
383,3.33,class Agent.Member,238,1
383,3.33,class Agent.Member,355,2
383,3.33,class Agent.Member,118,1
446,3.00,class Agent.Member,356,1
446,3.00,class Agent.Member,17,1
403,3.00,class Agent.Member,473,1
403,3.00,class Agent.Member,317,1
254,3.00,class Agent.Member,371,1
254,3.00,class Agent.Member,388,1
254,3.00,class Agent.Member,490,1
254,3.00,class Agent.Member,151,1
200,3.00,class Agent.Member,333,1
200,3.00,class Agent.Member,478,1
244,3.33,class Agent.Member,342,1
244,3.33,class Agent.Member,273,1
244,3.33,class Agent.Member,18,1
331,3.00,class Agent.Member,17,1
331,3.00,class Agent.Member,399,1
331,3.00,class Agent.Member,147,1
56,3.67,class Agent.Member,333,1
56,3.67,class Agent.Member,116,1
56,3.67,class Agent.Member,182,1
56,3.67,class Agent.Member,305,1
100,2.67,class Agent.Member,42,1
100,2.67,class Agent.Member,366,1
100,2.67,class Agent.Member,208,1
100,2.67,class Agent.Member,85,1
96,3.00,class Agent.Member,333,1
96,3.00,class Agent.Member,272,1
285,2.33,class Agent.Member,478,1
285,2.33,class Agent.Member,59,1
37,4.33,class Agent.Member,10,1
37,4.33,class Agent.Member,210,1
138,3.00,class Agent.Member,18,1
138,3.00,class Agent.Member,206,1
302,2.67,class Agent.Member,402,1
302,2.67,class Agent.Member,462,1
302,2.67,class Agent.Member,194,1
53,4.33,class Agent.Member,118,2
53,4.33,class Agent.Member,354,3
253,2.00,class Agent.Member,238,1
253,2.00,class Agent.Member,339,1
253,2.00,class Agent.Member,199,1
253,2.00,class Agent.Member,419,1
29,2.00,class Agent.Member,167,1
29,2.00,class Agent.Member,478,1
68,2.00,class Agent.Member,17,1
68,2.00,class Agent.Member,112,1
47,4.00,class Agent.Member,412,1
47,4.00,class Agent.Member,436,1
47,4.00,class Agent.Member,321,1
47,4.00,class Agent.Member,194,1
1,2.33,class Agent.Member,55,1
1,2.33,class Agent.Member,334,1
1,2.33,class Agent.Member,373,1
97,3.33,class Agent.Member,166,1
97,3.33,class Agent.Member,342,1
97,3.33,class Agent.Member,305,1
393,3.33,class Agent.Member,123,1
393,3.33,class Agent.Member,188,1
393,3.33,class Agent.Member,118,1
393,3.33,class Agent.Member,256,1
340,1.67,class Agent.Member,256,1
408,2.00,class Agent.Member,216,1
408,2.00,class Agent.Member,212,1
408,2.00,class Agent.Member,231,1
260,2.00,class Agent.Member,182,1
260,2.00,class Agent.Member,165,1
209,2.00,class Agent.Member,257,1
209,2.00,class Agent.Member,478,1
287,4.33,class Agent.Member,357,1
287,4.33,class Agent.Member,399,1
287,4.33,class Agent.Member,193,1
127,2.00,class Agent.Member,236,1
127,2.00,class Agent.Member,390,1
258,2.67,class Agent.Member,343,1
258,2.67,class Agent.Member,188,1
150,2.67,class Agent.Member,112,1
150,2.67,class Agent.Member,341,1
156,2.67,class Agent.Member,412,1
156,2.67,class Agent.Member,355,1
420,3.33,class Agent.Member,333,1
420,3.33,class Agent.Member,169,1
420,3.33,class Agent.Member,123,2
225,3.67,class Agent.Member,58,1
225,3.67,class Agent.Member,4,1
225,3.67,class Agent.Member,317,1
488,4.00,class Agent.Member,374,1
488,4.00,class Agent.Member,59,1
488,4.00,class Agent.Member,188,2
488,4.00,class Agent.Member,217,1
348,3.33,class Agent.Member,41,1
52,2.67,class Agent.Member,402,1
52,2.67,class Agent.Member,436,1
52,2.67,class Agent.Member,332,1
52,2.67,class Agent.Member,20,1
330,3.00,class Agent.Member,190,2
330,3.00,class Agent.Member,144,1
330,3.00,class Agent.Member,493,1
198,4.00,class Agent.Member,42,1
198,4.00,class Agent.Member,449,1
198,4.00,class Agent.Member,59,2
198,4.00,class Agent.Member,109,1
448,3.00,class Agent.Member,44,1
448,3.00,class Agent.Member,169,1
448,3.00,class Agent.Member,324,1
470,4.00,class Agent.Member,236,2
470,4.00,class Agent.Member,483,1
470,4.00,class Agent.Member,192,1
82,4.67,class Agent.Member,273,1
82,4.67,class Agent.Member,59,2
82,4.67,class Agent.Member,281,1
82,4.67,class Agent.Member,289,1
458,4.33,class Agent.Member,296,1
458,4.33,class Agent.Member,248,1
458,4.33,class Agent.Member,231,1
458,4.33,class Agent.Member,194,1
304,2.00,class Agent.Member,310,1
304,2.00,class Agent.Member,116,1
304,2.00,class Agent.Member,192,1
365,3.67,class Agent.Member,404,1
365,3.67,class Agent.Member,323,1
262,2.33,class Agent.Member,388,1
262,2.33,class Agent.Member,366,1
262,2.33,class Agent.Member,112,1
148,4.67,class Agent.Member,478,1
148,4.67,class Agent.Member,151,1
148,4.67,class Agent.Member,409,1
32,3.00,class Agent.Member,190,1
32,3.00,class Agent.Member,18,1
32,3.00,class Agent.Member,151,1
352,3.00,class Agent.Member,342,1
352,3.00,class Agent.Member,132,1
498,3.00,class Agent.Member,333,1
498,3.00,class Agent.Member,402,1
173,4.00,class Agent.Member,55,1
173,4.00,class Agent.Member,281,1
164,3.00,class Agent.Member,296,1
164,3.00,class Agent.Member,351,1
164,3.00,class Agent.Member,85,1
164,3.00,class Agent.Member,109,1
249,4.33,class Agent.Member,436,1
249,4.33,class Agent.Member,212,1
249,4.33,class Agent.Member,194,1
230,3.00,class Agent.Member,270,1
230,3.00,class Agent.Member,92,1
358,2.33,class Agent.Member,333,1
358,2.33,class Agent.Member,351,1
358,2.33,class Agent.Member,483,1
358,2.33,class Agent.Member,212,1
394,3.67,class Agent.Member,190,1
394,3.67,class Agent.Member,273,1
394,3.67,class Agent.Member,177,1
300,1.33,class Agent.Member,375,1
300,1.33,class Agent.Member,190,1
24,4.67,class Agent.Member,343,1
24,4.67,class Agent.Member,132,1
24,4.67,class Agent.Member,151,1
362,3.33,class Agent.Member,449,1
362,3.33,class Agent.Member,85,1
362,3.33,class Agent.Member,73,1
362,3.33,class Agent.Member,152,1
362,3.33,class Agent.Member,493,1
385,2.67,class Agent.Member,167,1
385,2.67,class Agent.Member,388,1
385,2.67,class Agent.Member,59,1
382,1.67,class Agent.Member,116,1
160,3.67,class Agent.Member,429,1
160,3.67,class Agent.Member,193,1
160,3.67,class Agent.Member,321,1
160,3.67,class Agent.Member,248,1
135,3.67,class Agent.Member,76,2
135,3.67,class Agent.Member,256,1
135,3.67,class Agent.Member,108,1
135,3.67,class Agent.Member,202,1
121,4.00,class Agent.Member,238,1
121,4.00,class Agent.Member,257,1
121,4.00,class Agent.Member,208,2
121,4.00,class Agent.Member,199,1
121,4.00,class Agent.Member,151,1
492,2.67,class Agent.Member,388,1
492,2.67,class Agent.Member,366,1
492,2.67,class Agent.Member,123,1
422,2.33,class Agent.Member,310,1
422,2.33,class Agent.Member,18,1
422,2.33,class Agent.Member,125,1
299,2.67,class Agent.Member,10,1
299,2.67,class Agent.Member,92,1
299,2.67,class Agent.Member,419,1
168,3.67,class Agent.Member,429,1
168,3.67,class Agent.Member,483,1
168,3.67,class Agent.Member,272,1
298,3.33,class Agent.Member,351,1
298,3.33,class Agent.Member,436,1
298,3.33,class Agent.Member,324,1
298,3.33,class Agent.Member,321,1
347,2.67,class Agent.Member,339,1
347,2.67,class Agent.Member,210,1
102,2.67,class Agent.Member,216,1
102,2.67,class Agent.Member,193,1
102,2.67,class Agent.Member,292,1
28,2.33,class Agent.Member,192,1
28,2.33,class Agent.Member,108,1
28,2.33,class Agent.Member,125,1
214,3.33,class Agent.Member,356,2
214,3.33,class Agent.Member,208,1
214,3.33,class Agent.Member,108,2
31,3.33,class Agent.Member,270,1
31,3.33,class Agent.Member,147,1
31,3.33,class Agent.Member,20,1
95,3.33,class Agent.Member,192,1
95,3.33,class Agent.Member,118,1
95,3.33,class Agent.Member,108,1
95,3.33,class Agent.Member,151,1
140,3.67,class Agent.Member,11,1
140,3.67,class Agent.Member,256,1
140,3.67,class Agent.Member,493,1
368,4.00,class Agent.Member,343,1
368,4.00,class Agent.Member,356,2
368,4.00,class Agent.Member,423,1
368,4.00,class Agent.Member,118,1
413,3.00,class Agent.Member,371,1
413,3.00,class Agent.Member,188,1
413,3.00,class Agent.Member,202,1
329,3.33,class Agent.Member,192,1
329,3.33,class Agent.Member,272,1
329,3.33,class Agent.Member,409,1
35,3.67,class Agent.Member,490,1
35,3.67,class Agent.Member,199,1
35,3.67,class Agent.Member,332,1
35,3.67,class Agent.Member,289,1
307,4.33,class Agent.Member,166,1
307,4.33,class Agent.Member,388,1
307,4.33,class Agent.Member,478,1
297,2.33,class Agent.Member,169,1
297,2.33,class Agent.Member,192,1
297,2.33,class Agent.Member,324,1
170,3.67,class Agent.Member,73,1
170,3.67,class Agent.Member,373,1
456,3.33,class Agent.Member,273,1
456,3.33,class Agent.Member,449,1
456,3.33,class Agent.Member,188,1
456,3.33,class Agent.Member,202,1
171,2.67,class Agent.Member,388,1
171,2.67,class Agent.Member,451,1
171,2.67,class Agent.Member,305,1
427,3.33,class Agent.Member,375,1
427,3.33,class Agent.Member,42,2
427,3.33,class Agent.Member,334,1
243,3.67,class Agent.Member,10,1
243,3.67,class Agent.Member,117,1
243,3.67,class Agent.Member,199,1
243,3.67,class Agent.Member,332,1
110,2.33,class Agent.Member,236,1
110,2.33,class Agent.Member,182,1
110,2.33,class Agent.Member,390,1
157,3.00,class Agent.Member,123,1
157,3.00,class Agent.Member,418,1
157,3.00,class Agent.Member,210,1
104,3.00,class Agent.Member,42,1
104,3.00,class Agent.Member,50,1
104,3.00,class Agent.Member,341,2
104,3.00,class Agent.Member,323,1
38,3.33,class Agent.Member,4,1
38,3.33,class Agent.Member,419,1
15,4.67,class Agent.Member,357,1
15,4.67,class Agent.Member,332,1
15,4.67,class Agent.Member,194,1
222,2.33,class Agent.Member,116,1
222,2.33,class Agent.Member,182,1
222,2.33,class Agent.Member,206,1
64,2.33,class Agent.Member,152,2
64,2.33,class Agent.Member,332,1
43,3.33,class Agent.Member,42,1
43,3.33,class Agent.Member,305,1
218,3.67,class Agent.Member,58,1
463,2.67,class Agent.Member,296,1
463,2.67,class Agent.Member,116,1
386,4.00,class Agent.Member,167,1
386,4.00,class Agent.Member,351,1
386,4.00,class Agent.Member,216,1
386,4.00,class Agent.Member,208,1
146,3.67,class Agent.Member,18,1
146,3.67,class Agent.Member,355,1
146,3.67,class Agent.Member,272,1
146,3.67,class Agent.Member,206,1
407,3.33,class Agent.Member,357,2
426,3.00,class Agent.Member,188,1
426,3.00,class Agent.Member,256,1
48,3.67,class Agent.Member,42,1
48,3.67,class Agent.Member,399,1
48,3.67,class Agent.Member,341,2
251,3.00,class Agent.Member,182,2
5,3.67,class Agent.Member,429,1
5,3.67,class Agent.Member,436,1
5,3.67,class Agent.Member,462,1
229,3.33,class Agent.Member,44,1
229,3.33,class Agent.Member,272,1
246,3.00,class Agent.Member,76,1
246,3.00,class Agent.Member,341,1
246,3.00,class Agent.Member,404,1
246,3.00,class Agent.Member,177,1
279,3.33,class Agent.Member,342,1
279,3.33,class Agent.Member,490,1
279,3.33,class Agent.Member,305,1
179,3.33,class Agent.Member,343,1
179,3.33,class Agent.Member,354,2
175,2.33,class Agent.Member,216,1
175,2.33,class Agent.Member,355,1
175,2.33,class Agent.Member,20,1
142,3.67,class Agent.Member,281,1
142,3.67,class Agent.Member,425,1
142,3.67,class Agent.Member,289,1
51,3.00,class Agent.Member,333,1
51,3.00,class Agent.Member,402,1
51,3.00,class Agent.Member,206,1
51,3.00,class Agent.Member,462,1
51,3.00,class Agent.Member,292,1
242,3.00,class Agent.Member,356,2
242,3.00,class Agent.Member,436,1
242,3.00,class Agent.Member,212,2
350,1.00,class Agent.Member,281,1
232,3.67,class Agent.Member,483,1
232,3.67,class Agent.Member,216,1
232,3.67,class Agent.Member,399,1
232,3.67,class Agent.Member,231,1
36,2.67,class Agent.Member,42,1
36,2.67,class Agent.Member,114,1
36,2.67,class Agent.Member,317,1
315,1.67,class Agent.Member,217,1
494,3.33,class Agent.Member,167,1
494,3.33,class Agent.Member,208,1
494,3.33,class Agent.Member,399,1
494,3.33,class Agent.Member,193,1
220,1.67,class Agent.Member,216,1
220,1.67,class Agent.Member,292,1
301,2.33,class Agent.Member,59,1
301,2.33,class Agent.Member,132,1
290,2.00,class Agent.Member,208,1
290,2.00,class Agent.Member,206,1
290,2.00,class Agent.Member,305,1
23,2.67,class Agent.Member,270,1
23,2.67,class Agent.Member,59,1
23,2.67,class Agent.Member,390,1
359,1.33,class Agent.Member,20,1
221,3.00,class Agent.Member,310,1
221,3.00,class Agent.Member,118,1
221,3.00,class Agent.Member,108,1
221,3.00,class Agent.Member,451,1
450,3.00,class Agent.Member,351,1
450,3.00,class Agent.Member,483,1
450,3.00,class Agent.Member,399,2
450,3.00,class Agent.Member,402,1
303,4.33,class Agent.Member,58,1
303,4.33,class Agent.Member,490,1
346,2.67,class Agent.Member,166,1
346,2.67,class Agent.Member,371,1
346,2.67,class Agent.Member,123,1
410,3.67,class Agent.Member,216,1
410,3.67,class Agent.Member,212,1
410,3.67,class Agent.Member,206,1
284,2.67,class Agent.Member,257,1
284,2.67,class Agent.Member,323,2
363,4.00,class Agent.Member,41,1
363,4.00,class Agent.Member,323,1
363,4.00,class Agent.Member,177,1
280,3.67,class Agent.Member,118,2
280,3.67,class Agent.Member,117,1
280,3.67,class Agent.Member,493,1
280,3.67,class Agent.Member,354,1
271,3.67,class Agent.Member,429,1
271,3.67,class Agent.Member,483,1
271,3.67,class Agent.Member,192,1
271,3.67,class Agent.Member,409,1
25,4.33,class Agent.Member,117,1
25,4.33,class Agent.Member,152,1
25,4.33,class Agent.Member,92,1
464,3.67,class Agent.Member,210,1
464,3.67,class Agent.Member,177,1
94,3.67,class Agent.Member,58,1
94,3.67,class Agent.Member,11,1
94,3.67,class Agent.Member,376,1
7,3.00,class Agent.Member,257,1
7,3.00,class Agent.Member,217,1
266,2.67,class Agent.Member,166,2
266,2.67,class Agent.Member,321,2
266,2.67,class Agent.Member,354,1
266,2.67,class Agent.Member,323,1
191,4.00,class Agent.Member,412,2
191,4.00,class Agent.Member,436,1
191,4.00,class Agent.Member,355,1
191,4.00,class Agent.Member,147,1
259,3.00,class Agent.Member,366,1
259,3.00,class Agent.Member,190,1
259,3.00,class Agent.Member,273,1
259,3.00,class Agent.Member,257,1
328,2.00,class Agent.Member,4,1
389,4.33,class Agent.Member,310,1
389,4.33,class Agent.Member,390,1
99,3.33,class Agent.Member,10,1
99,3.33,class Agent.Member,375,1
99,3.33,class Agent.Member,323,1
338,3.00,class Agent.Member,76,1
338,3.00,class Agent.Member,85,2
338,3.00,class Agent.Member,323,1
380,4.67,class Agent.Member,366,1
380,4.67,class Agent.Member,208,1
380,4.67,class Agent.Member,217,1
268,2.67,class Agent.Member,305,1
268,2.67,class Agent.Member,409,1
430,4.00,class Agent.Member,449,1
430,4.00,class Agent.Member,11,1
430,4.00,class Agent.Member,199,1
430,4.00,class Agent.Member,332,1
314,2.33,class Agent.Member,371,1
314,2.33,class Agent.Member,374,1
314,2.33,class Agent.Member,169,1
314,2.33,class Agent.Member,355,1
275,3.33,class Agent.Member,341,1
275,3.33,class Agent.Member,404,1
445,4.00,class Agent.Member,76,1
445,4.00,class Agent.Member,193,1
445,4.00,class Agent.Member,473,1
318,2.00,class Agent.Member,292,1
205,4.00,class Agent.Member,58,1
205,4.00,class Agent.Member,418,1
205,4.00,class Agent.Member,354,1
205,4.00,class Agent.Member,323,1
143,2.67,class Agent.Member,10,2
143,2.67,class Agent.Member,199,2
143,2.67,class Agent.Member,323,2
6,3.00,class Agent.Member,44,1
6,3.00,class Agent.Member,324,1
6,3.00,class Agent.Member,248,1
336,3.33,class Agent.Member,333,1
336,3.33,class Agent.Member,429,1
336,3.33,class Agent.Member,402,1
336,3.33,class Agent.Member,436,1
467,2.67,class Agent.Member,42,2
467,2.67,class Agent.Member,366,1
467,2.67,class Agent.Member,108,1
60,3.00,class Agent.Member,55,2
60,3.00,class Agent.Member,493,1
479,2.33,class Agent.Member,343,1
479,2.33,class Agent.Member,490,1
479,2.33,class Agent.Member,425,1
237,3.33,class Agent.Member,483,2
237,3.33,class Agent.Member,114,1
424,2.67,class Agent.Member,419,1
457,3.33,class Agent.Member,182,1
457,3.33,class Agent.Member,118,1
457,3.33,class Agent.Member,125,1
457,3.33,class Agent.Member,425,1
89,2.67,class Agent.Member,351,1
89,2.67,class Agent.Member,17,1
89,2.67,class Agent.Member,332,1
129,4.33,class Agent.Member,366,1
129,4.33,class Agent.Member,123,1
129,4.33,class Agent.Member,257,1
154,2.67,class Agent.Member,321,1
154,2.67,class Agent.Member,194,1
291,2.67,class Agent.Member,169,1
291,2.67,class Agent.Member,50,1
291,2.67,class Agent.Member,436,1
291,2.67,class Agent.Member,321,1
440,1.33,class Agent.Member,44,1
57,3.00,class Agent.Member,273,1
57,3.00,class Agent.Member,418,1
57,3.00,class Agent.Member,177,1
159,1.67,class Agent.Member,59,1
482,2.33,class Agent.Member,356,1
482,2.33,class Agent.Member,341,1
482,2.33,class Agent.Member,404,1
482,2.33,class Agent.Member,4,1
70,3.67,class Agent.Member,132,1
72,2.33,class Agent.Member,310,1
72,2.33,class Agent.Member,44,1
72,2.33,class Agent.Member,85,1
72,2.33,class Agent.Member,125,1
381,3.33,class Agent.Member,418,1
381,3.33,class Agent.Member,73,1
381,3.33,class Agent.Member,354,1
124,2.67,class Agent.Member,169,1
124,2.67,class Agent.Member,484,1
384,3.33,class Agent.Member,436,1
384,3.33,class Agent.Member,484,2
384,3.33,class Agent.Member,20,1
391,3.67,class Agent.Member,85,1
391,3.67,class Agent.Member,355,1
391,3.67,class Agent.Member,112,1
187,3.33,class Agent.Member,342,1
187,3.33,class Agent.Member,132,1
187,3.33,class Agent.Member,490,1
46,3.00,class Agent.Member,412,1
46,3.00,class Agent.Member,114,1
46,3.00,class Agent.Member,11,1
33,2.67,class Agent.Member,238,2
33,2.67,class Agent.Member,273,1
33,2.67,class Agent.Member,11,2
360,2.33,class Agent.Member,341,1
136,2.33,class Agent.Member,236,1
136,2.33,class Agent.Member,484,1
136,2.33,class Agent.Member,151,1
361,2.00,class Agent.Member,423,2
361,2.00,class Agent.Member,117,1
406,2.33,class Agent.Member,76,1
406,2.33,class Agent.Member,493,1
406,2.33,class Agent.Member,323,1
122,3.33,class Agent.Member,85,1
122,3.33,class Agent.Member,20,1
207,3.67,class Agent.Member,208,2
207,3.67,class Agent.Member,418,1
207,3.67,class Agent.Member,373,1
261,4.00,class Agent.Member,343,1
261,4.00,class Agent.Member,375,1
261,4.00,class Agent.Member,334,1
465,2.33,class Agent.Member,42,1
465,2.33,class Agent.Member,76,1
465,2.33,class Agent.Member,404,1
27,2.33,class Agent.Member,166,1
27,2.33,class Agent.Member,388,1
155,1.67,class Agent.Member,374,1
155,1.67,class Agent.Member,423,2
155,1.67,class Agent.Member,208,1
442,2.33,class Agent.Member,342,1
442,2.33,class Agent.Member,169,1
442,2.33,class Agent.Member,192,1
306,3.33,class Agent.Member,85,1
306,3.33,class Agent.Member,332,1
306,3.33,class Agent.Member,462,1
306,3.33,class Agent.Member,248,1
320,2.67,class Agent.Member,449,1
320,2.67,class Agent.Member,4,1
441,3.33,class Agent.Member,117,1
441,3.33,class Agent.Member,354,1
295,2.67,class Agent.Member,116,1
295,2.67,class Agent.Member,50,1
295,2.67,class Agent.Member,182,1
295,2.67,class Agent.Member,248,1
364,4.00,class Agent.Member,296,1
364,4.00,class Agent.Member,147,2
364,4.00,class Agent.Member,217,1
364,4.00,class Agent.Member,165,1
13,2.33,class Agent.Member,339,1
13,2.33,class Agent.Member,332,2
13,2.33,class Agent.Member,419,1
81,3.33,class Agent.Member,273,1
81,3.33,class Agent.Member,334,1
81,3.33,class Agent.Member,418,1
495,4.33,class Agent.Member,296,1
495,4.33,class Agent.Member,167,1
495,4.33,class Agent.Member,59,1
63,2.33,class Agent.Member,167,1
63,2.33,class Agent.Member,73,1
63,2.33,class Agent.Member,112,1
395,4.00,class Agent.Member,371,1
395,4.00,class Agent.Member,342,1
395,4.00,class Agent.Member,281,2
395,4.00,class Agent.Member,484,1
69,4.67,class Agent.Member,473,1
69,4.67,class Agent.Member,199,1
269,2.33,class Agent.Member,371,1
269,2.33,class Agent.Member,366,1
269,2.33,class Agent.Member,257,1
269,2.33,class Agent.Member,281,1
437,4.00,class Agent.Member,342,1
437,4.00,class Agent.Member,190,1
437,4.00,class Agent.Member,490,1
437,4.00,class Agent.Member,373,1
21,2.33,class Agent.Member,11,1
21,2.33,class Agent.Member,425,2
2,2.33,class Agent.Member,50,1
2,2.33,class Agent.Member,114,1
2,2.33,class Agent.Member,231,1
185,3.67,class Agent.Member,343,1
185,3.67,class Agent.Member,423,1
211,3.00,class Agent.Member,429,1
211,3.00,class Agent.Member,193,1
211,3.00,class Agent.Member,409,1
195,1.67,class Agent.Member,118,1
195,1.67,class Agent.Member,490,1
105,3.00,class Agent.Member,366,1
105,3.00,class Agent.Member,45,1
105,3.00,class Agent.Member,125,1
54,3.33,class Agent.Member,55,1
54,3.33,class Agent.Member,356,1
98,4.00,class Agent.Member,55,1
98,4.00,class Agent.Member,281,1
98,4.00,class Agent.Member,11,1
497,2.67,class Agent.Member,341,2
497,2.67,class Agent.Member,177,1
345,2.67,class Agent.Member,418,1
345,2.67,class Agent.Member,339,1
469,2.00,class Agent.Member,55,1
469,2.00,class Agent.Member,92,1
181,2.67,class Agent.Member,429,1
181,2.67,class Agent.Member,412,1
417,3.33,class Agent.Member,371,1
417,3.33,class Agent.Member,236,1
417,3.33,class Agent.Member,390,1
489,3.33,class Agent.Member,356,1
489,3.33,class Agent.Member,112,1
489,3.33,class Agent.Member,4,1
411,2.33,class Agent.Member,238,1
411,2.33,class Agent.Member,50,1
411,2.33,class Agent.Member,256,1
264,2.67,class Agent.Member,44,1
264,2.67,class Agent.Member,116,1
264,2.67,class Agent.Member,355,1
264,2.67,class Agent.Member,305,1
163,2.67,class Agent.Member,371,1
163,2.67,class Agent.Member,236,2
163,2.67,class Agent.Member,273,1
326,3.67,class Agent.Member,399,1
326,3.67,class Agent.Member,92,1
84,3.00,class Agent.Member,166,1
84,3.00,class Agent.Member,451,1
16,2.00,class Agent.Member,270,1
16,2.00,class Agent.Member,50,1
16,2.00,class Agent.Member,144,1
16,2.00,class Agent.Member,248,1
213,4.00,class Agent.Member,216,2
213,4.00,class Agent.Member,114,2
213,4.00,class Agent.Member,193,1
415,2.33,class Agent.Member,402,1
415,2.33,class Agent.Member,192,1
322,3.67,class Agent.Member,55,1
322,3.67,class Agent.Member,366,1
322,3.67,class Agent.Member,108,1
86,2.00,class Agent.Member,412,1
86,2.00,class Agent.Member,324,1
86,2.00,class Agent.Member,473,1
416,2.67,class Agent.Member,17,1
416,2.67,class Agent.Member,412,1
416,2.67,class Agent.Member,462,1
416,2.67,class Agent.Member,20,1
184,3.33,class Agent.Member,436,2
184,3.33,class Agent.Member,112,1
184,3.33,class Agent.Member,92,1
226,4.33,class Agent.Member,449,1
226,4.33,class Agent.Member,208,1
226,4.33,class Agent.Member,404,1
158,3.33,class Agent.Member,357,1
158,3.33,class Agent.Member,351,1
158,3.33,class Agent.Member,194,1
87,3.00,class Agent.Member,375,2
87,3.00,class Agent.Member,388,1
87,3.00,class Agent.Member,169,1
87,3.00,class Agent.Member,118,1
161,4.33,class Agent.Member,41,1
161,4.33,class Agent.Member,281,1
161,4.33,class Agent.Member,188,1
263,3.33,class Agent.Member,44,1
263,3.33,class Agent.Member,42,1
263,3.33,class Agent.Member,206,1
432,3.00,class Agent.Member,17,1
432,3.00,class Agent.Member,117,1
432,3.00,class Agent.Member,152,1
432,3.00,class Agent.Member,419,1
130,3.33,class Agent.Member,118,1
130,3.33,class Agent.Member,108,1
130,3.33,class Agent.Member,409,1
477,4.00,class Agent.Member,132,1
477,4.00,class Agent.Member,118,1
477,4.00,class Agent.Member,425,1
486,2.67,class Agent.Member,342,1
486,2.67,class Agent.Member,366,1
486,2.67,class Agent.Member,144,1
486,2.67,class Agent.Member,199,1
460,3.33,class Agent.Member,4,2
65,3.67,class Agent.Member,449,1
65,3.67,class Agent.Member,109,1
65,3.67,class Agent.Member,210,1
325,3.33,class Agent.Member,238,1
325,3.33,class Agent.Member,58,1
325,3.33,class Agent.Member,256,1
325,3.33,class Agent.Member,493,1
133,3.67,class Agent.Member,152,1
435,3.33,class Agent.Member,272,1
34,3.00,class Agent.Member,55,1
34,3.00,class Agent.Member,238,1
34,3.00,class Agent.Member,190,1
19,3.67,class Agent.Member,270,1
19,3.67,class Agent.Member,123,1
19,3.67,class Agent.Member,256,1
421,3.00,class Agent.Member,44,1
421,3.00,class Agent.Member,18,1
421,3.00,class Agent.Member,272,1
252,3.67,class Agent.Member,388,1
252,3.67,class Agent.Member,132,1
252,3.67,class Agent.Member,272,1
224,3.67,class Agent.Member,167,1
224,3.67,class Agent.Member,116,1
224,3.67,class Agent.Member,144,1
224,3.67,class Agent.Member,114,1
434,4.33,class Agent.Member,55,1
434,4.33,class Agent.Member,109,1
349,3.00,class Agent.Member,412,1
349,3.00,class Agent.Member,292,1
255,4.00,class Agent.Member,125,1
255,4.00,class Agent.Member,462,2
215,3.33,class Agent.Member,76,1
215,3.33,class Agent.Member,117,1
215,3.33,class Agent.Member,4,1
312,3.33,class Agent.Member,356,1
312,3.33,class Agent.Member,354,1
312,3.33,class Agent.Member,341,1
74,2.33,class Agent.Member,144,1
74,2.33,class Agent.Member,4,1
74,2.33,class Agent.Member,317,1
137,3.00,class Agent.Member,281,1
137,3.00,class Agent.Member,373,1
401,2.67,class Agent.Member,281,1
401,2.67,class Agent.Member,376,2
401,2.67,class Agent.Member,425,1
234,4.67,class Agent.Member,166,1
234,4.67,class Agent.Member,334,1
234,4.67,class Agent.Member,281,1
234,4.67,class Agent.Member,425,1
107,3.00,class Agent.Member,310,1
107,3.00,class Agent.Member,58,1
107,3.00,class Agent.Member,194,1
286,4.33,class Agent.Member,296,1
286,4.33,class Agent.Member,402,1
286,4.33,class Agent.Member,324,1
286,4.33,class Agent.Member,292,1
337,3.33,class Agent.Member,375,1
337,3.33,class Agent.Member,273,1
250,2.67,class Agent.Member,76,1
250,2.67,class Agent.Member,473,1
250,2.67,class Agent.Member,147,1
250,2.67,class Agent.Member,376,1
316,3.00,class Agent.Member,343,1
316,3.00,class Agent.Member,334,1
316,3.00,class Agent.Member,151,1
316,3.00,class Agent.Member,373,1
267,3.67,class Agent.Member,332,1
267,3.67,class Agent.Member,373,1
439,3.33,class Agent.Member,248,1
439,3.33,class Agent.Member,409,1
400,2.67,class Agent.Member,357,1
400,2.67,class Agent.Member,114,1
201,2.33,class Agent.Member,351,1
201,2.33,class Agent.Member,402,1
201,2.33,class Agent.Member,206,1
91,3.00,class Agent.Member,366,1
91,3.00,class Agent.Member,478,2
91,3.00,class Agent.Member,418,1
91,3.00,class Agent.Member,202,1
111,2.67,class Agent.Member,116,1
111,2.67,class Agent.Member,355,1
12,4.33,class Agent.Member,324,1
12,4.33,class Agent.Member,206,1
12,4.33,class Agent.Member,147,1
12,4.33,class Agent.Member,248,1
274,3.67,class Agent.Member,236,1
274,3.67,class Agent.Member,188,2
153,3.33,class Agent.Member,10,1
153,3.33,class Agent.Member,117,1
153,3.33,class Agent.Member,177,1
126,3.33,class Agent.Member,333,1
126,3.33,class Agent.Member,17,2
126,3.33,class Agent.Member,114,1
453,3.67,class Agent.Member,412,1
453,3.67,class Agent.Member,332,1
453,3.67,class Agent.Member,305,1
461,4.00,class Agent.Member,270,1
461,4.00,class Agent.Member,123,1
461,4.00,class Agent.Member,58,2
461,4.00,class Agent.Member,390,1
319,3.00,class Agent.Member,310,1
319,3.00,class Agent.Member,374,1
319,3.00,class Agent.Member,449,2
319,3.00,class Agent.Member,217,1
